Run,Assay Type,AvgSpotLen,Bases,BioProject,BioSample,Bytes,cell_line,cell_type,Center Name,Consent,DATASTORE filetype,DATASTORE provider,DATASTORE region,Experiment,GEO_Accession (exp),Instrument,LibraryLayout,LibrarySelection,LibrarySource,Organism,Platform,ReleaseDate,create_date,version,Sample Name,source_name,SRA Study
SRR5071654,RNA-Seq,100,3337302900,PRJNA356065,SAMN06102584,1088020714,C125PM,epithelial colorectal cancer cell line,GEO,public,"fastq,run.zq,sra","gs,ncbi,s3","gs.us-east1,ncbi.public,s3.us-east-1",SRX2391521,GSM2414760,Illumina HiSeq 2000,SINGLE,cDNA,TRANSCRIPTOMIC,Homo sapiens,ILLUMINA,2018-01-12T00:00:00Z,2016-12-02T17:00:00Z,1,GSM2414760,C125PM epithelial colorectal cancer cell line,SRP094494
SRR5071655,RNA-Seq,100,3070822500,PRJNA356065,SAMN06102583,999613838,C135,epithelial colorectal cancer cell line,GEO,public,"fastq,run.zq,sra","gs,ncbi,s3","gs.us-east1,ncbi.public,s3.us-east-1",SRX2391522,GSM2414761,Illumina HiSeq 2000,SINGLE,cDNA,TRANSCRIPTOMIC,Homo sapiens,ILLUMINA,2018-01-12T00:00:00Z,2016-12-02T16:56:00Z,1,GSM2414761,C135 epithelial colorectal cancer cell line,SRP094494
SRR5071656,RNA-Seq,100,6407814800,PRJNA356065,SAMN06102582,4397575137,C70,epithelial colorectal cancer cell line,GEO,public,"fastq,run.zq,sra","gs,ncbi,s3","gs.us-east1,ncbi.public,s3.us-east-1",SRX2391523,GSM2414762,Illumina HiSeq 2000,SINGLE,cDNA,TRANSCRIPTOMIC,Homo sapiens,ILLUMINA,2018-01-12T00:00:00Z,2016-12-02T16:58:00Z,1,GSM2414762,C70 epithelial colorectal cancer cell line,SRP094494
SRR5071657,RNA-Seq,100,3461113300,PRJNA356065,SAMN06102581,1125944381,CACO2,epithelial colorectal cancer cell line,GEO,public,"fastq,run.zq,sra","gs,ncbi,s3","gs.us-east1,ncbi.public,s3.us-east-1",SRX2391524,GSM2414763,Illumina HiSeq 2000,SINGLE,cDNA,TRANSCRIPTOMIC,Homo sapiens,ILLUMINA,2018-01-12T00:00:00Z,2016-12-02T16:56:00Z,1,GSM2414763,CACO2 epithelial colorectal cancer cell line,SRP094494
SRR5071658,RNA-Seq,100,4694428400,PRJNA356065,SAMN06102580,3215313417,COLO201,epithelial colorectal cancer cell line,GEO,public,"fastq,run.zq,sra","gs,ncbi,s3","gs.us-east1,ncbi.public,s3.us-east-1",SRX2391525,GSM2414764,Illumina HiSeq 2000,SINGLE,cDNA,TRANSCRIPTOMIC,Homo sapiens,ILLUMINA,2018-01-12T00:00:00Z,2016-12-02T16:57:00Z,1,GSM2414764,COLO201 epithelial colorectal cancer cell line,SRP094494
SRR5071659,RNA-Seq,100,5112096400,PRJNA356065,SAMN06102579,3496509485,COLO205,epithelial colorectal cancer cell line,GEO,public,"fastq,run.zq,sra","gs,ncbi,s3","gs.us-east1,ncbi.public,s3.us-east-1",SRX2391526,GSM2414765,Illumina HiSeq 2000,SINGLE,cDNA,TRANSCRIPTOMIC,Homo sapiens,ILLUMINA,2018-01-12T00:00:00Z,2016-12-02T16:57:00Z,1,GSM2414765,COLO205 epithelial colorectal cancer cell line,SRP094494
SRR5071660,RNA-Seq,100,5139400200,PRJNA356065,SAMN06102578,2415714683,COLO320,epithelial colorectal cancer cell line,GEO,public,"fastq,run.zq,sra","gs,ncbi,s3","gs.us-east1,ncbi.public,s3.us-east-1",SRX2391527,GSM2414766,Illumina HiSeq 2000,SINGLE,cDNA,TRANSCRIPTOMIC,Homo sapiens,ILLUMINA,2018-01-12T00:00:00Z,2016-12-02T16:58:00Z,1,GSM2414766,COLO320 epithelial colorectal cancer cell line,SRP094494
SRR5071661,RNA-Seq,100,8624135900,PRJNA356065,SAMN06102577,3729925365,DiFi,epithelial colorectal cancer cell line,GEO,public,"fastq,run.zq,sra","gs,ncbi,s3","gs.us-east1,ncbi.public,s3.us-east-1",SRX2391528,GSM2414767,Illumina HiSeq 2000,SINGLE,cDNA,TRANSCRIPTOMIC,Homo sapiens,ILLUMINA,2018-01-12T00:00:00Z,2016-12-02T17:05:00Z,1,GSM2414767,DiFi epithelial colorectal cancer cell line,SRP094494
SRR5071662,RNA-Seq,100,5555667700,PRJNA356065,SAMN06102576,2735743353,DLD1,epithelial colorectal cancer cell line,GEO,public,"fastq,run.zq,sra","gs,ncbi,s3","gs.us-east1,ncbi.public,s3.us-east-1",SRX2391529,GSM2414768,Illumina HiSeq 2000,SINGLE,cDNA,TRANSCRIPTOMIC,Homo sapiens,ILLUMINA,2018-01-12T00:00:00Z,2016-12-02T16:57:00Z,1,GSM2414768,DLD1 epithelial colorectal cancer cell line,SRP094494
SRR5071663,RNA-Seq,100,2851126900,PRJNA356065,SAMN06102575,1957315994,GEO,epithelial colorectal cancer cell line,GEO,public,"fastq,run.zq,sra","gs,ncbi,s3","gs.us-east1,ncbi.public,s3.us-east-1",SRX2391530,GSM2414769,Illumina HiSeq 2000,SINGLE,cDNA,TRANSCRIPTOMIC,Homo sapiens,ILLUMINA,2018-01-12T00:00:00Z,2016-12-02T16:54:00Z,1,GSM2414769,GEO epithelial colorectal cancer cell line,SRP094494
SRR5071664,RNA-Seq,100,3182301000,PRJNA356065,SAMN06102574,2248787483,Gp5D,epithelial colorectal cancer cell line,GEO,public,"fastq,run.zq,sra","gs,ncbi,s3","gs.us-east1,ncbi.public,s3.us-east-1",SRX2391531,GSM2414770,Illumina HiSeq 2000,SINGLE,cDNA,TRANSCRIPTOMIC,Homo sapiens,ILLUMINA,2018-01-12T00:00:00Z,2016-12-02T16:55:00Z,1,GSM2414770,Gp5D epithelial colorectal cancer cell line,SRP094494
SRR5071665,RNA-Seq,100,6487567800,PRJNA356065,SAMN06102573,4450906110,HCA7,epithelial colorectal cancer cell line,GEO,public,"fastq,run.zq,sra","gs,ncbi,s3","gs.us-east1,ncbi.public,s3.us-east-1",SRX2391532,GSM2414771,Illumina HiSeq 2000,SINGLE,cDNA,TRANSCRIPTOMIC,Homo sapiens,ILLUMINA,2018-01-12T00:00:00Z,2016-12-02T17:11:00Z,1,GSM2414771,HCA7 epithelial colorectal cancer cell line,SRP094494
SRR5071666,RNA-Seq,100,3254387100,PRJNA356065,SAMN06102572,2235259815,HCC2998,epithelial colorectal cancer cell line,GEO,public,"fastq,run.zq,sra","gs,ncbi,s3","gs.us-east1,ncbi.public,s3.us-east-1",SRX2391533,GSM2414772,Illumina HiSeq 2000,SINGLE,cDNA,TRANSCRIPTOMIC,Homo sapiens,ILLUMINA,2018-01-12T00:00:00Z,2016-12-02T16:53:00Z,1,GSM2414772,HCC2998 epithelial colorectal cancer cell line,SRP094494
SRR5071667,RNA-Seq,100,4482633800,PRJNA356065,SAMN06102571,3072519354,HCT116,epithelial colorectal cancer cell line,GEO,public,"fastq,run.zq,sra","gs,ncbi,s3","gs.us-east1,ncbi.public,s3.us-east-1",SRX2391534,GSM2414773,Illumina HiSeq 2000,SINGLE,cDNA,TRANSCRIPTOMIC,Homo sapiens,ILLUMINA,2018-01-12T00:00:00Z,2016-12-02T16:58:00Z,1,GSM2414773,HCT116 epithelial colorectal cancer cell line,SRP094494
SRR5071668,RNA-Seq,100,3342371500,PRJNA356065,SAMN06102570,2205815983,HCT15,epithelial colorectal cancer cell line,GEO,public,"fastq,run.zq,sra","gs,ncbi,s3","gs.us-east1,ncbi.public,s3.us-east-1",SRX2391535,GSM2414774,Illumina HiSeq 2000,SINGLE,cDNA,TRANSCRIPTOMIC,Homo sapiens,ILLUMINA,2018-01-12T00:00:00Z,2016-12-02T16:54:00Z,1,GSM2414774,HCT15 epithelial colorectal cancer cell line,SRP094494
SRR5071669,RNA-Seq,100,3651857000,PRJNA356065,SAMN06102569,2512298158,HCT8,epithelial colorectal cancer cell line,GEO,public,"fastq,run.zq,sra","gs,ncbi,s3","gs.us-east1,ncbi.public,s3.us-east-1",SRX2391536,GSM2414775,Illumina HiSeq 2000,SINGLE,cDNA,TRANSCRIPTOMIC,Homo sapiens,ILLUMINA,2018-01-12T00:00:00Z,2016-12-02T16:55:00Z,1,GSM2414775,HCT8 epithelial colorectal cancer cell line,SRP094494
SRR5071670,RNA-Seq,100,3859054800,PRJNA356065,SAMN06102568,2657213335,HRA19,epithelial colorectal cancer cell line,GEO,public,"fastq,run.zq,sra","gs,ncbi,s3","gs.us-east1,ncbi.public,s3.us-east-1",SRX2391537,GSM2414776,Illumina HiSeq 2000,SINGLE,cDNA,TRANSCRIPTOMIC,Homo sapiens,ILLUMINA,2018-01-12T00:00:00Z,2016-12-02T16:54:00Z,1,GSM2414776,HRA19 epithelial colorectal cancer cell line,SRP094494
SRR5071671,RNA-Seq,100,3111806100,PRJNA356065,SAMN06102567,2105336224,HT115,epithelial colorectal cancer cell line,GEO,public,"fastq,run.zq,sra","gs,ncbi,s3","gs.us-east1,ncbi.public,s3.us-east-1",SRX2391538,GSM2414777,Illumina HiSeq 2000,SINGLE,cDNA,TRANSCRIPTOMIC,Homo sapiens,ILLUMINA,2018-01-12T00:00:00Z,2016-12-02T16:54:00Z,1,GSM2414777,HT115 epithelial colorectal cancer cell line,SRP094494
SRR5071672,RNA-Seq,100,3154667500,PRJNA356065,SAMN06102566,2144999803,HT29,epithelial colorectal cancer cell line,GEO,public,"fastq,run.zq,sra","gs,ncbi,s3","gs.us-east1,ncbi.public,s3.us-east-1",SRX2391539,GSM2414778,Illumina HiSeq 2000,SINGLE,cDNA,TRANSCRIPTOMIC,Homo sapiens,ILLUMINA,2018-01-12T00:00:00Z,2016-12-02T16:54:00Z,1,GSM2414778,HT29 epithelial colorectal cancer cell line,SRP094494
SRR5071673,RNA-Seq,100,6661902600,PRJNA356065,SAMN06102565,2964438775,HT55,epithelial colorectal cancer cell line,GEO,public,"fastq,run.zq,sra","gs,ncbi,s3","gs.us-east1,ncbi.public,s3.us-east-1",SRX2391540,GSM2414779,Illumina HiSeq 2000,SINGLE,cDNA,TRANSCRIPTOMIC,Homo sapiens,ILLUMINA,2018-01-12T00:00:00Z,2016-12-02T17:01:00Z,1,GSM2414779,HT55 epithelial colorectal cancer cell line,SRP094494
SRR5071674,RNA-Seq,100,6537757200,PRJNA356065,SAMN06102564,4477312660,IS1,epithelial colorectal cancer cell line,GEO,public,"fastq,run.zq,sra","gs,ncbi,s3","gs.us-east1,ncbi.public,s3.us-east-1",SRX2391541,GSM2414780,Illumina HiSeq 2000,SINGLE,cDNA,TRANSCRIPTOMIC,Homo sapiens,ILLUMINA,2018-01-12T00:00:00Z,2016-12-02T17:01:00Z,1,GSM2414780,IS1 epithelial colorectal cancer cell line,SRP094494
SRR5071675,RNA-Seq,100,3358815100,PRJNA356065,SAMN06102563,1095049334,IS2,epithelial colorectal cancer cell line,GEO,public,"fastq,run.zq,sra","gs,ncbi,s3","gs.us-east1,ncbi.public,s3.us-east-1",SRX2391542,GSM2414781,Illumina HiSeq 2000,SINGLE,cDNA,TRANSCRIPTOMIC,Homo sapiens,ILLUMINA,2018-01-12T00:00:00Z,2016-12-02T16:56:00Z,1,GSM2414781,IS2 epithelial colorectal cancer cell line,SRP094494
SRR5071676,RNA-Seq,100,3629100300,PRJNA356065,SAMN06102562,1181855684,IS3,epithelial colorectal cancer cell line,GEO,public,"fastq,run.zq,sra","gs,ncbi,s3","gs.us-east1,ncbi.public,s3.us-east-1",SRX2391543,GSM2414782,Illumina HiSeq 2000,SINGLE,cDNA,TRANSCRIPTOMIC,Homo sapiens,ILLUMINA,2018-01-12T00:00:00Z,2016-12-02T17:01:00Z,1,GSM2414782,IS3 epithelial colorectal cancer cell line,SRP094494
SRR5071677,RNA-Seq,100,4715858200,PRJNA356065,SAMN06102561,2533321431,LIM1215,epithelial colorectal cancer cell line,GEO,public,"fastq,run.zq,sra","gs,ncbi,s3","gs.us-east1,ncbi.public,s3.us-east-1",SRX2391544,GSM2414783,Illumina HiSeq 2000,SINGLE,cDNA,TRANSCRIPTOMIC,Homo sapiens,ILLUMINA,2018-01-12T00:00:00Z,2016-12-02T16:57:00Z,1,GSM2414783,LIM1215 epithelial colorectal cancer cell line,SRP094494
SRR5071678,RNA-Seq,100,6280670800,PRJNA356065,SAMN06102560,4314182126,LIM1863,epithelial colorectal cancer cell line,GEO,public,"fastq,run.zq,sra","gs,ncbi,s3","gs.us-east1,ncbi.public,s3.us-east-1",SRX2391545,GSM2414784,Illumina HiSeq 2000,SINGLE,cDNA,TRANSCRIPTOMIC,Homo sapiens,ILLUMINA,2018-01-12T00:00:00Z,2016-12-02T17:00:00Z,1,GSM2414784,LIM1863 epithelial colorectal cancer cell line,SRP094494
SRR5071679,RNA-Seq,100,3281506400,PRJNA356065,SAMN06102559,2177452219,LIM1899,epithelial colorectal cancer cell line,GEO,public,"fastq,run.zq,sra","gs,ncbi,s3","gs.us-east1,ncbi.public,s3.us-east-1",SRX2391546,GSM2414785,Illumina HiSeq 2000,SINGLE,cDNA,TRANSCRIPTOMIC,Homo sapiens,ILLUMINA,2018-01-12T00:00:00Z,2016-12-02T16:54:00Z,1,GSM2414785,LIM1899 epithelial colorectal cancer cell line,SRP094494
SRR5071680,RNA-Seq,100,3340636500,PRJNA356065,SAMN06102558,2205974379,LIM2099,epithelial colorectal cancer cell line,GEO,public,"fastq,run.zq,sra","gs,ncbi,s3","gs.us-east1,ncbi.public,s3.us-east-1",SRX2391547,GSM2414786,Illumina HiSeq 2000,SINGLE,cDNA,TRANSCRIPTOMIC,Homo sapiens,ILLUMINA,2018-01-12T00:00:00Z,2016-12-02T17:02:00Z,1,GSM2414786,LIM2099 epithelial colorectal cancer cell line,SRP094494
SRR5071681,RNA-Seq,100,7419344100,PRJNA356065,SAMN06102557,5073665530,LIM2405,epithelial colorectal cancer cell line,GEO,public,"fastq,run.zq,sra","gs,ncbi,s3","gs.us-east1,ncbi.public,s3.us-east-1",SRX2391548,GSM2414787,Illumina HiSeq 2000,SINGLE,cDNA,TRANSCRIPTOMIC,Homo sapiens,ILLUMINA,2018-01-12T00:00:00Z,2016-12-02T17:03:00Z,1,GSM2414787,LIM2405 epithelial colorectal cancer cell line,SRP094494
SRR5071682,RNA-Seq,100,4584102200,PRJNA356065,SAMN06102556,2529776201,LIM2537,epithelial colorectal cancer cell line,GEO,public,"fastq,run.zq,sra","gs,ncbi,s3","gs.us-east1,ncbi.public,s3.us-east-1",SRX2391549,GSM2414788,Illumina HiSeq 2000,SINGLE,cDNA,TRANSCRIPTOMIC,Homo sapiens,ILLUMINA,2018-01-12T00:00:00Z,2016-12-02T16:57:00Z,1,GSM2414788,LIM2537 epithelial colorectal cancer cell line,SRP094494
SRR5071683,RNA-Seq,100,3281309900,PRJNA356065,SAMN06102555,2302238173,LIM2551,epithelial colorectal cancer cell line,GEO,public,"fastq,run.zq,sra","gs,ncbi,s3","gs.us-east1,ncbi.public,s3.us-east-1",SRX2391550,GSM2414789,Illumina HiSeq 2000,SINGLE,cDNA,TRANSCRIPTOMIC,Homo sapiens,ILLUMINA,2018-01-12T00:00:00Z,2016-12-02T16:56:00Z,1,GSM2414789,LIM2551 epithelial colorectal cancer cell line,SRP094494
SRR5071684,RNA-Seq,100,6675438800,PRJNA356065,SAMN06102554,4601243848,LS513,epithelial colorectal cancer cell line,GEO,public,"fastq,run.zq,sra","gs,ncbi,s3","gs.us-east1,ncbi.public,s3.us-east-1",SRX2391551,GSM2414790,Illumina HiSeq 2000,SINGLE,cDNA,TRANSCRIPTOMIC,Homo sapiens,ILLUMINA,2018-01-12T00:00:00Z,2016-12-02T17:18:00Z,1,GSM2414790,LS513 epithelial colorectal cancer cell line,SRP094494
SRR5071685,RNA-Seq,100,5761400300,PRJNA356065,SAMN06102553,3955149629,NCIH747,epithelial colorectal cancer cell line,GEO,public,"fastq,run.zq,sra","gs,ncbi,s3","gs.us-east1,ncbi.public,s3.us-east-1",SRX2391552,GSM2414791,Illumina HiSeq 2000,SINGLE,cDNA,TRANSCRIPTOMIC,Homo sapiens,ILLUMINA,2018-01-12T00:00:00Z,2016-12-02T16:58:00Z,1,GSM2414791,NCIH747 epithelial colorectal cancer cell line,SRP094494
SRR5071686,RNA-Seq,100,3233774100,PRJNA356065,SAMN06102552,2208490272,RKO,epithelial colorectal cancer cell line,GEO,public,"fastq,run.zq,sra","gs,ncbi,s3","gs.us-east1,ncbi.public,s3.us-east-1",SRX2391553,GSM2414792,Illumina HiSeq 2000,SINGLE,cDNA,TRANSCRIPTOMIC,Homo sapiens,ILLUMINA,2018-01-12T00:00:00Z,2016-12-02T16:55:00Z,1,GSM2414792,RKO epithelial colorectal cancer cell line,SRP094494
SRR5071687,RNA-Seq,100,3581199700,PRJNA356065,SAMN06102551,2194625040,SNU175,epithelial colorectal cancer cell line,GEO,public,"fastq,run.zq,sra","gs,ncbi,s3","gs.us-east1,ncbi.public,s3.us-east-1",SRX2391554,GSM2414793,Illumina HiSeq 2000,SINGLE,cDNA,TRANSCRIPTOMIC,Homo sapiens,ILLUMINA,2018-01-12T00:00:00Z,2016-12-02T16:55:00Z,1,GSM2414793,SNU175 epithelial colorectal cancer cell line,SRP094494
SRR5071688,RNA-Seq,100,3171577000,PRJNA356065,SAMN06102550,2223015652,SNUC2B,epithelial colorectal cancer cell line,GEO,public,"fastq,run.zq,sra","gs,ncbi,s3","gs.us-east1,ncbi.public,s3.us-east-1",SRX2391555,GSM2414794,Illumina HiSeq 2000,SINGLE,cDNA,TRANSCRIPTOMIC,Homo sapiens,ILLUMINA,2018-01-12T00:00:00Z,2016-12-02T16:53:00Z,1,GSM2414794,SNUC2B epithelial colorectal cancer cell line,SRP094494
SRR5071689,RNA-Seq,100,7185528200,PRJNA356065,SAMN06102549,4761280280,SW1116,epithelial colorectal cancer cell line,GEO,public,"fastq,run.zq,sra","gs,ncbi,s3","gs.us-east1,ncbi.public,s3.us-east-1",SRX2391556,GSM2414795,Illumina HiSeq 2000,SINGLE,cDNA,TRANSCRIPTOMIC,Homo sapiens,ILLUMINA,2018-01-12T00:00:00Z,2016-12-02T17:03:00Z,1,GSM2414795,SW1116 epithelial colorectal cancer cell line,SRP094494
SRR5071690,RNA-Seq,100,3732719700,PRJNA356065,SAMN06102548,2541647610,SW1222,epithelial colorectal cancer cell line,GEO,public,"fastq,run.zq,sra","gs,ncbi,s3","gs.us-east1,ncbi.public,s3.us-east-1",SRX2391557,GSM2414796,Illumina HiSeq 2000,SINGLE,cDNA,TRANSCRIPTOMIC,Homo sapiens,ILLUMINA,2018-01-12T00:00:00Z,2016-12-02T16:56:00Z,1,GSM2414796,SW1222 epithelial colorectal cancer cell line,SRP094494
SRR5071691,RNA-Seq,100,7476175800,PRJNA356065,SAMN06102547,3182814814,SW480,epithelial colorectal cancer cell line,GEO,public,"fastq,run.zq,sra","gs,ncbi,s3","gs.us-east1,ncbi.public,s3.us-east-1",SRX2391558,GSM2414797,Illumina HiSeq 2000,SINGLE,cDNA,TRANSCRIPTOMIC,Homo sapiens,ILLUMINA,2018-01-12T00:00:00Z,2016-12-02T17:02:00Z,1,GSM2414797,SW480 epithelial colorectal cancer cell line,SRP094494
SRR5071692,RNA-Seq,100,3359937900,PRJNA356065,SAMN06102546,2336039442,SW620,epithelial colorectal cancer cell line,GEO,public,"fastq,run.zq,sra","gs,ncbi,s3","gs.us-east1,ncbi.public,s3.us-east-1",SRX2391559,GSM2414798,Illumina HiSeq 2000,SINGLE,cDNA,TRANSCRIPTOMIC,Homo sapiens,ILLUMINA,2018-01-12T00:00:00Z,2016-12-02T16:55:00Z,1,GSM2414798,SW620 epithelial colorectal cancer cell line,SRP094494
SRR5071693,RNA-Seq,100,6133582500,PRJNA356065,SAMN06102545,4219903245,SW948,epithelial colorectal cancer cell line,GEO,public,"fastq,run.zq,sra","gs,ncbi,s3","gs.us-east1,ncbi.public,s3.us-east-1",SRX2391560,GSM2414799,Illumina HiSeq 2000,SINGLE,cDNA,TRANSCRIPTOMIC,Homo sapiens,ILLUMINA,2018-01-12T00:00:00Z,2016-12-02T17:00:00Z,1,GSM2414799,SW948 epithelial colorectal cancer cell line,SRP094494
SRR5071694,RNA-Seq,100,5025358000,PRJNA356065,SAMN06102544,3029137217,T84,epithelial colorectal cancer cell line,GEO,public,"fastq,run.zq,sra","gs,ncbi,s3","gs.us-east1,ncbi.public,s3.us-east-1",SRX2391561,GSM2414800,Illumina HiSeq 2000,SINGLE,cDNA,TRANSCRIPTOMIC,Homo sapiens,ILLUMINA,2018-01-12T00:00:00Z,2016-12-02T17:00:00Z,1,GSM2414800,T84 epithelial colorectal cancer cell line,SRP094494
SRR5071695,RNA-Seq,100,7608314600,PRJNA356065,SAMN06102543,4993195626,V9P,epithelial colorectal cancer cell line,GEO,public,"fastq,run.zq,sra","gs,ncbi,s3","gs.us-east1,ncbi.public,s3.us-east-1",SRX2391562,GSM2414801,Illumina HiSeq 2000,SINGLE,cDNA,TRANSCRIPTOMIC,Homo sapiens,ILLUMINA,2018-01-12T00:00:00Z,2016-12-02T17:06:00Z,1,GSM2414801,V9P epithelial colorectal cancer cell line,SRP094494
SRR5071696,RNA-Seq,100,3762888200,PRJNA356065,SAMN06102542,2584626516,VACO4S,epithelial colorectal cancer cell line,GEO,public,"fastq,run.zq,sra","gs,ncbi,s3","gs.us-east1,ncbi.public,s3.us-east-1",SRX2391563,GSM2414802,Illumina HiSeq 2000,SINGLE,cDNA,TRANSCRIPTOMIC,Homo sapiens,ILLUMINA,2018-01-12T00:00:00Z,2016-12-02T16:56:00Z,1,GSM2414802,VACO4S epithelial colorectal cancer cell line,SRP094494
SRR5071697,RNA-Seq,100,6454680700,PRJNA356065,SAMN06102541,4431630880,VACO5,epithelial colorectal cancer cell line,GEO,public,"fastq,run.zq,sra","gs,ncbi,s3","gs.us-east1,ncbi.public,s3.us-east-1",SRX2391564,GSM2414803,Illumina HiSeq 2000,SINGLE,cDNA,TRANSCRIPTOMIC,Homo sapiens,ILLUMINA,2018-01-12T00:00:00Z,2016-12-02T17:02:00Z,1,GSM2414803,VACO5 epithelial colorectal cancer cell line,SRP094494
